Workbook

Sheet Form responses 1
A1: 1. Age | B1: 2. Gender | C1: 3. Local Government Area & State (i.e Ketu Lagos) | D1: 4. How often do you bathe or shower per day? | E1: Antibacterial Soap | F1: Deodorant/Antiperspirant | G1: Talcum Powder | H1: Herbal Remedies | I1: None | J1: Spicy Foods | K1: Onions/Garlic | L1: Red Meat | M1: Processed Foods | N1: Diary | O1: 7. Do you sweat excessively even when not active? | P1: 8. Are you aware of any medical condition that may cause body odor (e.g., diabetes, thyroid disorder)? | Q1: 9. Do you have close relatives with persistent body odor? | R1: 10. Have you ever been told you have body odor? | S1: 11. If yes, how did it affect you emotionally? | T1: 12. Has body odor ever affected your social life or self-confidence? | U1: 13. Do you think body odor can cause social discrimination or stigmatization? | V1: Frequent Bathing | W1: Diet Change/Control | X1: Medical Consultation | Y1: Herbal/Traditional Medicine | Z1: Use of Perfumes or Deodorants | AA1: 15. Rate the effectiveness of your chosen remedies. | AB1: 16. Do you believe some people naturally have stronger body odor due to their body chemistry or genetics? | AC1: 17. Do you think body odor should be treated as a medical issue in some cases
A2: 25-34 years | B2: Male | C2: Alimosho | D2: Twice | E2: Selected | F2: Selected | G2: Not Selected | H2: Not Selected | I2: Not Selected | J2: Selected | K2: Not Selected | L2: Selected | M2: Not Selected | N2: Not Selected | O2: No | P2: Not sure | Q2: No | R2: No | S2: Not affected | T2: No | U2: Agree | V2: Selected | W2: Not Selected | X2: Not Selected | Y2: Not Selected | Z2: Selected | AA2: Very effective | AB2: Yes | AC2: Yes
A3: 25-34 years | B3: Male | C3: Surulere | D3: Twice | E3: Not Selected | F3: Selected | G3: Not Selected | H3: Not Selected | I3: Not Selected | J3: Selected | K3: Not Selected | L3: Not Selected | M3: Not Selected | N3: Not Selected | O3: No | P3: No | Q3: No | R3: No | S3: Not Affected | T3: No | U3: Agree | V3: Not Selected | W3: Not Selected | X3: Not Selected | Y3: Not Selected | Z3: Selected | AA3: Very effective | AB3: Yes | AC3: Yes
A4: 18-24 years | B4: Male | C4: Ifako Ijaiye | D4: Twice | E4: Selected | F4: Selected | G4: Not Selected | H4: Not Selected | I4: Not Selected | J4: Selected | K4: Selected | L4: Not Selected | M4: Selected | N4: Not Selected | O4: No | P4: No | Q4: No | R4: No | S4: Not affected | T4: No | U4: Agree | V4: Not Selected | W4: Not Selected | X4: Not Selected | Y4: Not Selected | Z4: Selected | AA4: Very effective | AB4: Not sure | AC4: Yes
A5: 25-34 years | B5: Female | C5: Shomolu | D5: Twice | E5: Not Selected | F5: Selected | G5: Not Selected | H5: Not Selected | I5: Not Selected | J5: Not Selected | K5: Selected | L5: Selected | M5: Selected | N5: Not Selected | O5: No | P5: No | Q5: No | R5: No | S5: Not affected | T5: No | U5: Agree | V5: Not Selected | W5: Not Selected | X5: Not Selected | Y5: Not Selected | Z5: Selected | AA5: Very effective | AB5: Yes | AC5: Yes
A6: 18-24 years | B6: Female | C6: Eti-Osa | D6: Twice | E6: Not Selected | F6: Selected | G6: Not Selected | H6: Not Selected | I6: Not Selected | J6: Selected | K6: Selected | L6: Not Selected | M6: Not Selected | N6: Not Selected | O6: No | P6: No | Q6: Yes | R6: No | S6: Not affected | T6: No | U6: Strongly agree | V6: Selected | W6: Not Selected | X6: Not Selected | Y6: Not Selected | Z6: Selected | AA6: Very effective | AB6: Yes | AC6: Yes
A7: 25-34 years | B7: Female | C7: Kosofe | D7: Twice | E7: Not Selected | F7: Selected | G7: Not Selected | H7: Selected | I7: Not Selected | J7: Selected | K7: Selected | L7: Selected | M7: Selected | N7: Selected | O7: No | P7: No | Q7: No | R7: Yes | S7: Severely embarrassed | T7: No | U7: Agree | V7: Selected | W7: Not Selected | X7: Not Selected | Y7: Not Selected | Z7: Selected | AA7: Very effective | AB7: Yes | AC7: Yes
A8: 25-34 years | B8: Male | C8: Alimosho | D8: Twice | E8: Not Selected | F8: Selected | G8: Not Selected | H8: Not Selected | I8: Not Selected | J8: Selected | K8: Not Selected | L8: Not Selected | M8: Not Selected | N8: Not Selected | O8: No | P8: Yes | Q8: No | R8: No | S8: Not affected | T8: No | U8: Agree | V8: Selected | W8: Not Selected | X8: Not Selected | Y8: Not Selected | Z8: Not Selected | AA8: Very effective | AB8: Yes | AC8: Yes
A9: 18-24 years | B9: Female | C9: Oshodi Isolo | D9: Twice | E9: Selected | F9: Selected | G9: Not Selected | H9: Not Selected | I9: Not Selected | J9: Selected | K9: Not Selected | L9: Not Selected | M9: Not Selected | N9: Not Selected | O9: No | P9: Not sure | Q9: Yes | R9: No | S9: Not Affected | T9: No | U9: Strongly agree | V9: Selected | W9: Not Selected | X9: Not Selected | Y9: Not Selected | Z9: Selected | AA9: Very effective | AB9: Yes | AC9: Yes
A10: 18-24 years | B10: Female | C10: Ikorodu west | D10: Twice | E10: Selected | F10: Selected | G10: Not Selected | H10: Not Selected | I10: Not Selected | J10: Selected | K10: Selected | L10: Selected | M10: Not Selected | N10: Not Selected | O10: No | P10: No | Q10: Yes | R10: No | S10: Not affected | T10: No | U10: Agree | V10: Selected | W10: Not Selected | X10: Not Selected | Y10: Not Selected | Z10: Selected | AA10: Very effective | AB10: Yes | AC10: Yes
A11: 25-34 years | B11: Male | C11: Oshodi Isolo | D11: More than twice | E11: Not Selected | F11: Selected | G11: Not Selected | H11: Not Selected | I11: Not Selected | J11: Not Selected | K11: Selected | L11: Selected | M11: Selected | N11: Selected | O11: No | P11: Not sure | Q11: No | R11: No | S11: Not affected | T11: No | U11: Neutral | V11: Selected | W11: Selected | X11: Not Selected | Y11: Not Selected | Z11: Selected | AA11: Very effective | AB11: Not sure | AC11: Yes
A12: 25-34 years | B12: Female | C12: Ikorodu | D12: Twice | E12: Not Selected | F12: Not Selected | G12: Not Selected | H12: Not Selected | I12: Selected | J12: Not Selected | K12: Not Selected | L12: Not Selected | M12: Not Selected | N12: Selected | O12: No | P12: Yes | Q12: Yes | R12: No | S12: Not affected | T12: Yes | U12: Strongly agree | V12: Selected | W12: Not Selected | X12: Not Selected | Y12: Not Selected | Z12: Selected | AA12: Very effective | AB12: Yes | AC12: Yes
... A83: 25-34 years | B83: Female | C83: Mushin | D83: Twice | E83: Not Selected | F83: Selected | G83: Not Selected | H83: Not Selected | I83: Not Selected | J83: Not Selected | K83: Not Selected | L83: Selected | M83: Not Selected | N83: Not Selected | O83: No | P83: Yes | Q83: No | R83: No | S83: Not Affected | T83: No | U83: Agree | V83: Not Selected | W83: Not Selected | X83: Not Selected | Y83: Not Selected | Z83: Selected | AA83: Very effective | AB83: Yes | AC83: Yes

Sheet Sheet1
A1: Age | B1: Gender | D1: Q4 | E1: Q5_1 | F1: Q5_2 | G1: Q5_3 | H1: Q5_4 | I1: Q5_5 | J1: Q6_1 | K1: Q6_2 | L1: Q6_3 | M1: Q6_4 | N1: Q6_5 | O1: Q7 | P1: Q8 | Q1: Q9 | R1: Q10 | S1: Q11 | T1: Q12 | U1: Q13 | V1: Q14_1 | W1: Q14_2 | X1: Q14_3 | Y1: Q14_4 | Z1: Q14_5 | AA1: Q15 | AB1: Q16 | AC1: Q17
A2: {=_xlfn.IFS('Form responses 1'!A2 = "18-24 years", 1, 'Form responses 1'!A2 = "25-34 years", 2, 'Form responses 1'!A2= "35-44 years", 3, 'Form responses 1'!A2= "45-54 years", 4, 'Form responses 1'!A2= "55-64 years", 5, 'Form responses 1'!A2= "65 & above", 6, 0, TRUE)} -> 2 | B2: {=_xlfn.IFS('Form responses 1'!B2 = "Female", 1, 'Form responses 1'!B2 = "Male", 2, 0, TRUE)} -> 2 | C2: Alimosho | D2: {=_xlfn.IFS('Form responses 1'!D2 = "Once", 1, 'Form responses 1'!D2 = "Twice", 2, 'Form responses 1'!D2= "More than twice", 3, 'Form responses 1'!D2= "Occasionally", 4, 0, TRUE)} -> 2 | E2: {=_xlfn.IFS('Form responses 1'!E2 = "Selected", 1, 'Form responses 1'!E2 = "Not Selected", 0, 0, TRUE)} -> 1 | F2: {=_xlfn.IFS('Form responses 1'!F2 = "Selected", 1, 'Form responses 1'!F2 = "Not Selected", 0, 0, TRUE)} -> 1 | G2: {=_xlfn.IFS('Form responses 1'!G2 = "Selected", 1, 'Form responses 1'!G2 = "Not Selected", 0, 0, TRUE)} -> 0 | H2: {=_xlfn.IFS('Form responses 1'!H2 = "Selected", 1, 'Form responses 1'!H2 = "Not Selected", 0, 0, TRUE)} -> 0 | I2: {=_xlfn.IFS('Form responses 1'!I2 = "Selected", 1, 'Form responses 1'!I2 = "Not Selected", 0, 0, TRUE)} -> 0 | J2: {=_xlfn.IFS('Form responses 1'!J2 = "Selected", 1, 'Form responses 1'!J2 = "Not Selected", 0, 0, TRUE)} -> 1 | K2: {=_xlfn.IFS('Form responses 1'!K2 = "Selected", 1, 'Form responses 1'!K2 = "Not Selected", 0, 0, TRUE)} -> 0 | L2: {=_xlfn.IFS('Form responses 1'!L2 = "Selected", 1, 'Form responses 1'!L2 = "Not Selected", 0, 0, TRUE)} -> 1 | ... N2: {=_xlfn.IFS('Form responses 1'!N2 = "Selected", 1, 'Form responses 1'!N2 = "Not Selected", 0, 0, TRUE)} -> 0 | O2: {=_xlfn.IFS('Form responses 1'!O2 = "Yes", 1, 'Form responses 1'!O2 = "No", 2, 0, TRUE)} -> 2 | P2: {=_xlfn.IFS('Form responses 1'!P2 = "Yes", 1, 'Form responses 1'!P2 = "No", 2, 'Form responses 1'!P2 = "Not sure", 3, 0, TRUE)} -> 3 | Q2: {=_xlfn.IFS('Form responses 1'!Q2 = "Yes", 1, 'Form responses 1'!Q2 = "No", 2, 0, TRUE)} -> 2 | R2: {=_xlfn.IFS('Form responses 1'!R2 = "Yes", 1, 'Form responses 1'!R2 = "No", 2, 0, TRUE)} -> 2 | S2: {=_xlfn.IFS('Form responses 1'!S2 = "Severely embarrassed", 1, 'Form responses 1'!S2 = "Somewhat uncomfortable", 2, 'Form responses 1'!S2= "Not affected", 3, 'Form responses 1'!S2= "Indifferent", 4, 0, TRUE)} -> 3 | T2: {=_xlfn.IFS('Form responses 1'!T2 = "Yes", 1, 'Form responses 1'!T2 = "No", 2, 'Form responses 1'!T2 = "Not sure", 3, 0, TRUE)} -> 2 | U2: {=_xlfn.IFS('Form responses 1'!U2 = "Strongly agree", 1, 'Form responses 1'!U2 = "Agree", 2, 'Form responses 1'!U2 = "Neutral", 3, 'Form responses 1'!U2 = "Disagree", 4, 0, TRUE)} -> 2 | V2: {=_xlfn.IFS('Form responses 1'!V2 = "Selected", 1, 'Form responses 1'!V2 = "Not Selected", 0, 0, TRUE)} -> 1 | W2: {=_xlfn.IFS('Form responses 1'!W2 = "Selected", 1, 'Form responses 1'!W2 = "Not Selected", 0, 0, TRUE)} -> 0 | X2: {=_xlfn.IFS('Form responses 1'!X2 = "Selected", 1, 'Form responses 1'!X2 = "Not Selected", 0, 0, TRUE)} -> 0 | Y2: {=_xlfn.IFS('Form responses 1'!Y2 = "Selected", 1, 'Form responses 1'!Y2 = "Not Selected", 0, 0, TRUE)} -> 0 | Z2: {=_xlfn.IFS('Form responses 1'!Z2 = "Selected", 1, 'Form responses 1'!Z2 = "Not Selected", 0, 0, TRUE)} -> 1 | AA2: {=_xlfn.IFS('Form responses 1'!AA2 = "Very effective", 1, 'Form responses 1'!AA2 = "Somewhat effective", 2, 'Form responses 1'!AA2 = "Not effective", 3, 'Form responses 1'!AA2 = "Made it worse", 4, 0, TRUE)} -> 1 | AB2: {=_xlfn.IFS('Form responses 1'!AB2 = "Yes", 1, 'Form responses 1'!AB2 = "No", 2, 'Form responses 1'!AB2 = "Not sure", 3, 0, TRUE)} -> 1 | AC2: {=_xlfn.IFS('Form responses 1'!AC2 = "Yes", 1, 'Form responses 1'!AC2 = "No", 2, 0, TRUE)} -> 1
A3: {=_xlfn.IFS('Form responses 1'!A3 = "18-24 years", 1, 'Form responses 1'!A3 = "25-34 years", 2, 'Form responses 1'!A3= "35-44 years", 3, 'Form responses 1'!A3= "45-54 years", 4, 'Form responses 1'!A3= "55-64 years", 5, 'Form responses 1'!A3= "65 & above", 6, 0, TRUE)} -> 2 | B3: {=_xlfn.IFS('Form responses 1'!B3 = "Female", 1, 'Form responses 1'!B3 = "Male", 2, 0, TRUE)} -> 2 | C3: Surulere | D3: {=_xlfn.IFS('Form responses 1'!D3 = "Once", 1, 'Form responses 1'!D3 = "Twice", 2, 'Form responses 1'!D3= "More than twice", 3, 'Form responses 1'!D3= "Occasionally", 4, 0, TRUE)} -> 2 | E3: {=_xlfn.IFS('Form responses 1'!E3 = "Selected", 1, 'Form responses 1'!E3 = "Not Selected", 0, 0, TRUE)} -> 0 | F3: {=_xlfn.IFS('Form responses 1'!F3 = "Selected", 1, 'Form responses 1'!F3 = "Not Selected", 0, 0, TRUE)} -> 1 | G3: {=_xlfn.IFS('Form responses 1'!G3 = "Selected", 1, 'Form responses 1'!G3 = "Not Selected", 0, 0, TRUE)} -> 0 | H3: {=_xlfn.IFS('Form responses 1'!H3 = "Selected", 1, 'Form responses 1'!H3 = "Not Selected", 0, 0, TRUE)} -> 0 | I3: {=_xlfn.IFS('Form responses 1'!I3 = "Selected", 1, 'Form responses 1'!I3 = "Not Selected", 0, 0, TRUE)} -> 0 | J3: {=_xlfn.IFS('Form responses 1'!J3 = "Selected", 1, 'Form responses 1'!J3 = "Not Selected", 0, 0, TRUE)} -> 1 | K3: {=_xlfn.IFS('Form responses 1'!K3 = "Selected", 1, 'Form responses 1'!K3 = "Not Selected", 0, 0, TRUE)} -> 0 | L3: {=_xlfn.IFS('Form responses 1'!L3 = "Selected", 1, 'Form responses 1'!L3 = "Not Selected", 0, 0, TRUE)} -> 0 | ... N3: {=_xlfn.IFS('Form responses 1'!N3 = "Selected", 1, 'Form responses 1'!N3 = "Not Selected", 0, 0, TRUE)} -> 0 | O3: {=_xlfn.IFS('Form responses 1'!O3 = "Yes", 1, 'Form responses 1'!O3 = "No", 2, 0, TRUE)} -> 2 | P3: {=_xlfn.IFS('Form responses 1'!P3 = "Yes", 1, 'Form responses 1'!P3 = "No", 2, 'Form responses 1'!P3 = "Not sure", 3, 0, TRUE)} -> 2 | Q3: {=_xlfn.IFS('Form responses 1'!Q3 = "Yes", 1, 'Form responses 1'!Q3 = "No", 2, 0, TRUE)} -> 2 | R3: {=_xlfn.IFS('Form responses 1'!R3 = "Yes", 1, 'Form responses 1'!R3 = "No", 2, 0, TRUE)} -> 2 | S3: {=_xlfn.IFS('Form responses 1'!S3 = "Severely embarrassed", 1, 'Form responses 1'!S3 = "Somewhat uncomfortable", 2, 'Form responses 1'!S3= "Not affected", 3, 'Form responses 1'!S3= "Indifferent", 4, 0, TRUE)} -> 3 | T3: {=_xlfn.IFS('Form responses 1'!T3 = "Yes", 1, 'Form responses 1'!T3 = "No", 2, 'Form responses 1'!T3 = "Not sure", 3, 0, TRUE)} -> 2 | U3: {=_xlfn.IFS('Form responses 1'!U3 = "Strongly agree", 1, 'Form responses 1'!U3 = "Agree", 2, 'Form responses 1'!U3 = "Neutral", 3, 'Form responses 1'!U3 = "Disagree", 4, 0, TRUE)} -> 2 | V3: {=_xlfn.IFS('Form responses 1'!V3 = "Selected", 1, 'Form responses 1'!V3 = "Not Selected", 0, 0, TRUE)} -> 0 | W3: {=_xlfn.IFS('Form responses 1'!W3 = "Selected", 1, 'Form responses 1'!W3 = "Not Selected", 0, 0, TRUE)} -> 0 | X3: {=_xlfn.IFS('Form responses 1'!X3 = "Selected", 1, 'Form responses 1'!X3 = "Not Selected", 0, 0, TRUE)} -> 0 | Y3: {=_xlfn.IFS('Form responses 1'!Y3 = "Selected", 1, 'Form responses 1'!Y3 = "Not Selected", 0, 0, TRUE)} -> 0 | Z3: {=_xlfn.IFS('Form responses 1'!Z3 = "Selected", 1, 'Form responses 1'!Z3 = "Not Selected", 0, 0, TRUE)} -> 1 | AA3: {=_xlfn.IFS('Form responses 1'!AA3 = "Very effective", 1, 'Form responses 1'!AA3 = "Somewhat effective", 2, 'Form responses 1'!AA3 = "Not effective", 3, 'Form responses 1'!AA3 = "Made it worse", 4, 0, TRUE)} -> 1 | AB3: {=_xlfn.IFS('Form responses 1'!AB3 = "Yes", 1, 'Form responses 1'!AB3 = "No", 2, 'Form responses 1'!AB3 = "Not sure", 3, 0, TRUE)} -> 1 | AC3: {=_xlfn.IFS('Form responses 1'!AC3 = "Yes", 1, 'Form responses 1'!AC3 = "No", 2, 0, TRUE)} -> 1
A4: {=_xlfn.IFS('Form responses 1'!A4 = "18-24 years", 1, 'Form responses 1'!A4 = "25-34 years", 2, 'Form responses 1'!A4= "35-44 years", 3, 'Form responses 1'!A4= "45-54 years", 4, 'Form responses 1'!A4= "55-64 years", 5, 'Form responses 1'!A4= "65 & above", 6, 0, TRUE)} -> 1 | B4: {=_xlfn.IFS('Form responses 1'!B4 = "Female", 1, 'Form responses 1'!B4 = "Male", 2, 0, TRUE)} -> 2 | C4: Ifako Ijaiye | D4: {=_xlfn.IFS('Form responses 1'!D4 = "Once", 1, 'Form responses 1'!D4 = "Twice", 2, 'Form responses 1'!D4= "More than twice", 3, 'Form responses 1'!D4= "Occasionally", 4, 0, TRUE)} -> 2 | E4: {=_xlfn.IFS('Form responses 1'!E4 = "Selected", 1, 'Form responses 1'!E4 = "Not Selected", 0, 0, TRUE)} -> 1 | F4: {=_xlfn.IFS('Form responses 1'!F4 = "Selected", 1, 'Form responses 1'!F4 = "Not Selected", 0, 0, TRUE)} -> 1 | G4: {=_xlfn.IFS('Form responses 1'!G4 = "Selected", 1, 'Form responses 1'!G4 = "Not Selected", 0, 0, TRUE)} -> 0 | H4: {=_xlfn.IFS('Form responses 1'!H4 = "Selected", 1, 'Form responses 1'!H4 = "Not Selected", 0, 0, TRUE)} -> 0 | I4: {=_xlfn.IFS('Form responses 1'!I4 = "Selected", 1, 'Form responses 1'!I4 = "Not Selected", 0, 0, TRUE)} -> 0 | J4: {=_xlfn.IFS('Form responses 1'!J4 = "Selected", 1, 'Form responses 1'!J4 = "Not Selected", 0, 0, TRUE)} -> 1 | K4: {=_xlfn.IFS('Form responses 1'!K4 = "Selected", 1, 'Form responses 1'!K4 = "Not Selected", 0, 0, TRUE)} -> 1 | L4: {=_xlfn.IFS('Form responses 1'!L4 = "Selected", 1, 'Form responses 1'!L4 = "Not Selected", 0, 0, TRUE)} -> 0 | ... N4: {=_xlfn.IFS('Form responses 1'!N4 = "Selected", 1, 'Form responses 1'!N4 = "Not Selected", 0, 0, TRUE)} -> 0 | O4: {=_xlfn.IFS('Form responses 1'!O4 = "Yes", 1, 'Form responses 1'!O4 = "No", 2, 0, TRUE)} -> 2 | P4: {=_xlfn.IFS('Form responses 1'!P4 = "Yes", 1, 'Form responses 1'!P4 = "No", 2, 'Form responses 1'!P4 = "Not sure", 3, 0, TRUE)} -> 2 | Q4: {=_xlfn.IFS('Form responses 1'!Q4 = "Yes", 1, 'Form responses 1'!Q4 = "No", 2, 0, TRUE)} -> 2 | R4: {=_xlfn.IFS('Form responses 1'!R4 = "Yes", 1, 'Form responses 1'!R4 = "No", 2, 0, TRUE)} -> 2 | S4: {=_xlfn.IFS('Form responses 1'!S4 = "Severely embarrassed", 1, 'Form responses 1'!S4 = "Somewhat uncomfortable", 2, 'Form responses 1'!S4= "Not affected", 3, 'Form responses 1'!S4= "Indifferent", 4, 0, TRUE)} -> 3 | T4: {=_xlfn.IFS('Form responses 1'!T4 = "Yes", 1, 'Form responses 1'!T4 = "No", 2, 'Form responses 1'!T4 = "Not sure", 3, 0, TRUE)} -> 2 | U4: {=_xlfn.IFS('Form responses 1'!U4 = "Strongly agree", 1, 'Form responses 1'!U4 = "Agree", 2, 'Form responses 1'!U4 = "Neutral", 3, 'Form responses 1'!U4 = "Disagree", 4, 0, TRUE)} -> 2 | V4: {=_xlfn.IFS('Form responses 1'!V4 = "Selected", 1, 'Form responses 1'!V4 = "Not Selected", 0, 0, TRUE)} -> 0 | W4: {=_xlfn.IFS('Form responses 1'!W4 = "Selected", 1, 'Form responses 1'!W4 = "Not Selected", 0, 0, TRUE)} -> 0 | X4: {=_xlfn.IFS('Form responses 1'!X4 = "Selected", 1, 'Form responses 1'!X4 = "Not Selected", 0, 0, TRUE)} -> 0 | Y4: {=_xlfn.IFS('Form responses 1'!Y4 = "Selected", 1, 'Form responses 1'!Y4 = "Not Selected", 0, 0, TRUE)} -> 0 | Z4: {=_xlfn.IFS('Form responses 1'!Z4 = "Selected", 1, 'Form responses 1'!Z4 = "Not Selected", 0, 0, TRUE)} -> 1 | AA4: {=_xlfn.IFS('Form responses 1'!AA4 = "Very effective", 1, 'Form responses 1'!AA4 = "Somewhat effective", 2, 'Form responses 1'!AA4 = "Not effective", 3, 'Form responses 1'!AA4 = "Made it worse", 4, 0, TRUE)} -> 1 | AB4: {=_xlfn.IFS('Form responses 1'!AB4 = "Yes", 1, 'Form responses 1'!AB4 = "No", 2, 'Form responses 1'!AB4 = "Not sure", 3, 0, TRUE)} -> 3 | AC4: {=_xlfn.IFS('Form responses 1'!AC4 = "Yes", 1, 'Form responses 1'!AC4 = "No", 2, 0, TRUE)} -> 1
A5: {=_xlfn.IFS('Form responses 1'!A5 = "18-24 years", 1, 'Form responses 1'!A5 = "25-34 years", 2, 'Form responses 1'!A5= "35-44 years", 3, 'Form responses 1'!A5= "45-54 years", 4, 'Form responses 1'!A5= "55-64 years", 5, 'Form responses 1'!A5= "65 & above", 6, 0, TRUE)} -> 2 | B5: {=_xlfn.IFS('Form responses 1'!B5 = "Female", 1, 'Form responses 1'!B5 = "Male", 2, 0, TRUE)} -> 1 | C5: Shomolu | D5: {=_xlfn.IFS('Form responses 1'!D5 = "Once", 1, 'Form responses 1'!D5 = "Twice", 2, 'Form responses 1'!D5= "More than twice", 3, 'Form responses 1'!D5= "Occasionally", 4, 0, TRUE)} -> 2 | E5: {=_xlfn.IFS('Form responses 1'!E5 = "Selected", 1, 'Form responses 1'!E5 = "Not Selected", 0, 0, TRUE)} -> 0 | F5: {=_xlfn.IFS('Form responses 1'!F5 = "Selected", 1, 'Form responses 1'!F5 = "Not Selected", 0, 0, TRUE)} -> 1 | G5: {=_xlfn.IFS('Form responses 1'!G5 = "Selected", 1, 'Form responses 1'!G5 = "Not Selected", 0, 0, TRUE)} -> 0 | H5: {=_xlfn.IFS('Form responses 1'!H5 = "Selected", 1, 'Form responses 1'!H5 = "Not Selected", 0, 0, TRUE)} -> 0 | I5: {=_xlfn.IFS('Form responses 1'!I5 = "Selected", 1, 'Form responses 1'!I5 = "Not Selected", 0, 0, TRUE)} -> 0 | J5: {=_xlfn.IFS('Form responses 1'!J5 = "Selected", 1, 'Form responses 1'!J5 = "Not Selected", 0, 0, TRUE)} -> 0 | K5: {=_xlfn.IFS('Form responses 1'!K5 = "Selected", 1, 'Form responses 1'!K5 = "Not Selected", 0, 0, TRUE)} -> 1 | L5: {=_xlfn.IFS('Form responses 1'!L5 = "Selected", 1, 'Form responses 1'!L5 = "Not Selected", 0, 0, TRUE)} -> 1 | ... N5: {=_xlfn.IFS('Form responses 1'!N5 = "Selected", 1, 'Form responses 1'!N5 = "Not Selected", 0, 0, TRUE)} -> 0 | O5: {=_xlfn.IFS('Form responses 1'!O5 = "Yes", 1, 'Form responses 1'!O5 = "No", 2, 0, TRUE)} -> 2 | P5: {=_xlfn.IFS('Form responses 1'!P5 = "Yes", 1, 'Form responses 1'!P5 = "No", 2, 'Form responses 1'!P5 = "Not sure", 3, 0, TRUE)} -> 2 | Q5: {=_xlfn.IFS('Form responses 1'!Q5 = "Yes", 1, 'Form responses 1'!Q5 = "No", 2, 0, TRUE)} -> 2 | R5: {=_xlfn.IFS('Form responses 1'!R5 = "Yes", 1, 'Form responses 1'!R5 = "No", 2, 0, TRUE)} -> 2 | S5: {=_xlfn.IFS('Form responses 1'!S5 = "Severely embarrassed", 1, 'Form responses 1'!S5 = "Somewhat uncomfortable", 2, 'Form responses 1'!S5= "Not affected", 3, 'Form responses 1'!S5= "Indifferent", 4, 0, TRUE)} -> 3 | T5: {=_xlfn.IFS('Form responses 1'!T5 = "Yes", 1, 'Form responses 1'!T5 = "No", 2, 'Form responses 1'!T5 = "Not sure", 3, 0, TRUE)} -> 2 | U5: {=_xlfn.IFS('Form responses 1'!U5 = "Strongly agree", 1, 'Form responses 1'!U5 = "Agree", 2, 'Form responses 1'!U5 = "Neutral", 3, 'Form responses 1'!U5 = "Disagree", 4, 0, TRUE)} -> 2 | V5: {=_xlfn.IFS('Form responses 1'!V5 = "Selected", 1, 'Form responses 1'!V5 = "Not Selected", 0, 0, TRUE)} -> 0 | W5: {=_xlfn.IFS('Form responses 1'!W5 = "Selected", 1, 'Form responses 1'!W5 = "Not Selected", 0, 0, TRUE)} -> 0 | X5: {=_xlfn.IFS('Form responses 1'!X5 = "Selected", 1, 'Form responses 1'!X5 = "Not Selected", 0, 0, TRUE)} -> 0 | Y5: {=_xlfn.IFS('Form responses 1'!Y5 = "Selected", 1, 'Form responses 1'!Y5 = "Not Selected", 0, 0, TRUE)} -> 0 | Z5: {=_xlfn.IFS('Form responses 1'!Z5 = "Selected", 1, 'Form responses 1'!Z5 = "Not Selected", 0, 0, TRUE)} -> 1 | AA5: {=_xlfn.IFS('Form responses 1'!AA5 = "Very effective", 1, 'Form responses 1'!AA5 = "Somewhat effective", 2, 'Form responses 1'!AA5 = "Not effective", 3, 'Form responses 1'!AA5 = "Made it worse", 4, 0, TRUE)} -> 1 | AB5: {=_xlfn.IFS('Form responses 1'!AB5 = "Yes", 1, 'Form responses 1'!AB5 = "No", 2, 'Form responses 1'!AB5 = "Not sure", 3, 0, TRUE)} -> 1 | AC5: {=_xlfn.IFS('Form responses 1'!AC5 = "Yes", 1, 'Form responses 1'!AC5 = "No", 2, 0, TRUE)} -> 1
A6: {=_xlfn.IFS('Form responses 1'!A6 = "18-24 years", 1, 'Form responses 1'!A6 = "25-34 years", 2, 'Form responses 1'!A6= "35-44 years", 3, 'Form responses 1'!A6= "45-54 years", 4, 'Form responses 1'!A6= "55-64 years", 5, 'Form responses 1'!A6= "65 & above", 6, 0, TRUE)} -> 1 | B6: {=_xlfn.IFS('Form responses 1'!B6 = "Female", 1, 'Form responses 1'!B6 = "Male", 2, 0, TRUE)} -> 1 | C6: Eti-Osa | D6: {=_xlfn.IFS('Form responses 1'!D6 = "Once", 1, 'Form responses 1'!D6 = "Twice", 2, 'Form responses 1'!D6= "More than twice", 3, 'Form responses 1'!D6= "Occasionally", 4, 0, TRUE)} -> 2 | E6: {=_xlfn.IFS('Form responses 1'!E6 = "Selected", 1, 'Form responses 1'!E6 = "Not Selected", 0, 0, TRUE)} -> 0 | F6: {=_xlfn.IFS('Form responses 1'!F6 = "Selected", 1, 'Form responses 1'!F6 = "Not Selected", 0, 0, TRUE)} -> 1 | G6: {=_xlfn.IFS('Form responses 1'!G6 = "Selected", 1, 'Form responses 1'!G6 = "Not Selected", 0, 0, TRUE)} -> 0 | H6: {=_xlfn.IFS('Form responses 1'!H6 = "Selected", 1, 'Form responses 1'!H6 = "Not Selected", 0, 0, TRUE)} -> 0 | I6: {=_xlfn.IFS('Form responses 1'!I6 = "Selected", 1, 'Form responses 1'!I6 = "Not Selected", 0, 0, TRUE)} -> 0 | J6: {=_xlfn.IFS('Form responses 1'!J6 = "Selected", 1, 'Form responses 1'!J6 = "Not Selected", 0, 0, TRUE)} -> 1 | K6: {=_xlfn.IFS('Form responses 1'!K6 = "Selected", 1, 'Form responses 1'!K6 = "Not Selected", 0, 0, TRUE)} -> 1 | L6: {=_xlfn.IFS('Form responses 1'!L6 = "Selected", 1, 'Form responses 1'!L6 = "Not Selected", 0, 0, TRUE)} -> 0 | ... N6: {=_xlfn.IFS('Form responses 1'!N6 = "Selected", 1, 'Form responses 1'!N6 = "Not Selected", 0, 0, TRUE)} -> 0 | O6: {=_xlfn.IFS('Form responses 1'!O6 = "Yes", 1, 'Form responses 1'!O6 = "No", 2, 0, TRUE)} -> 2 | P6: {=_xlfn.IFS('Form responses 1'!P6 = "Yes", 1, 'Form responses 1'!P6 = "No", 2, 'Form responses 1'!P6 = "Not sure", 3, 0, TRUE)} -> 2 | Q6: {=_xlfn.IFS('Form responses 1'!Q6 = "Yes", 1, 'Form responses 1'!Q6 = "No", 2, 0, TRUE)} -> 1 | R6: {=_xlfn.IFS('Form responses 1'!R6 = "Yes", 1, 'Form responses 1'!R6 = "No", 2, 0, TRUE)} -> 2 | S6: {=_xlfn.IFS('Form responses 1'!S6 = "Severely embarrassed", 1, 'Form responses 1'!S6 = "Somewhat uncomfortable", 2, 'Form responses 1'!S6= "Not affected", 3, 'Form responses 1'!S6= "Indifferent", 4, 0, TRUE)} -> 3 | T6: {=_xlfn.IFS('Form responses 1'!T6 = "Yes", 1, 'Form responses 1'!T6 = "No", 2, 'Form responses 1'!T6 = "Not sure", 3, 0, TRUE)} -> 2 | U6: {=_xlfn.IFS('Form responses 1'!U6 = "Strongly agree", 1, 'Form responses 1'!U6 = "Agree", 2, 'Form responses 1'!U6 = "Neutral", 3, 'Form responses 1'!U6 = "Disagree", 4, 0, TRUE)} -> 1 | V6: {=_xlfn.IFS('Form responses 1'!V6 = "Selected", 1, 'Form responses 1'!V6 = "Not Selected", 0, 0, TRUE)} -> 1 | W6: {=_xlfn.IFS('Form responses 1'!W6 = "Selected", 1, 'Form responses 1'!W6 = "Not Selected", 0, 0, TRUE)} -> 0 | X6: {=_xlfn.IFS('Form responses 1'!X6 = "Selected", 1, 'Form responses 1'!X6 = "Not Selected", 0, 0, TRUE)} -> 0 | Y6: {=_xlfn.IFS('Form responses 1'!Y6 = "Selected", 1, 'Form responses 1'!Y6 = "Not Selected", 0, 0, TRUE)} -> 0 | Z6: {=_xlfn.IFS('Form responses 1'!Z6 = "Selected", 1, 'Form responses 1'!Z6 = "Not Selected", 0, 0, TRUE)} -> 1 | AA6: {=_xlfn.IFS('Form responses 1'!AA6 = "Very effective", 1, 'Form responses 1'!AA6 = "Somewhat effective", 2, 'Form responses 1'!AA6 = "Not effective", 3, 'Form responses 1'!AA6 = "Made it worse", 4, 0, TRUE)} -> 1 | AB6: {=_xlfn.IFS('Form responses 1'!AB6 = "Yes", 1, 'Form responses 1'!AB6 = "No", 2, 'Form responses 1'!AB6 = "Not sure", 3, 0, TRUE)} -> 1 | AC6: {=_xlfn.IFS('Form responses 1'!AC6 = "Yes", 1, 'Form responses 1'!AC6 = "No", 2, 0, TRUE)} -> 1
A7: {=_xlfn.IFS('Form responses 1'!A7 = "18-24 years", 1, 'Form responses 1'!A7 = "25-34 years", 2, 'Form responses 1'!A7= "35-44 years", 3, 'Form responses 1'!A7= "45-54 years", 4, 'Form responses 1'!A7= "55-64 years", 5, 'Form responses 1'!A7= "65 & above", 6, 0, TRUE)} -> 2 | B7: {=_xlfn.IFS('Form responses 1'!B7 = "Female", 1, 'Form responses 1'!B7 = "Male", 2, 0, TRUE)} -> 1 | C7: Kosofe | D7: {=_xlfn.IFS('Form responses 1'!D7 = "Once", 1, 'Form responses 1'!D7 = "Twice", 2, 'Form responses 1'!D7= "More than twice", 3, 'Form responses 1'!D7= "Occasionally", 4, 0, TRUE)} -> 2 | E7: {=_xlfn.IFS('Form responses 1'!E7 = "Selected", 1, 'Form responses 1'!E7 = "Not Selected", 0, 0, TRUE)} -> 0 | F7: {=_xlfn.IFS('Form responses 1'!F7 = "Selected", 1, 'Form responses 1'!F7 = "Not Selected", 0, 0, TRUE)} -> 1 | G7: {=_xlfn.IFS('Form responses 1'!G7 = "Selected", 1, 'Form responses 1'!G7 = "Not Selected", 0, 0, TRUE)} -> 0 | H7: {=_xlfn.IFS('Form responses 1'!H7 = "Selected", 1, 'Form responses 1'!H7 = "Not Selected", 0, 0, TRUE)} -> 1 | I7: {=_xlfn.IFS('Form responses 1'!I7 = "Selected", 1, 'Form responses 1'!I7 = "Not Selected", 0, 0, TRUE)} -> 0 | J7: {=_xlfn.IFS('Form responses 1'!J7 = "Selected", 1, 'Form responses 1'!J7 = "Not Selected", 0, 0, TRUE)} -> 1 | K7: {=_xlfn.IFS('Form responses 1'!K7 = "Selected", 1, 'Form responses 1'!K7 = "Not Selected", 0, 0, TRUE)} -> 1 | L7: {=_xlfn.IFS('Form responses 1'!L7 = "Selected", 1, 'Form responses 1'!L7 = "Not Selected", 0, 0, TRUE)} -> 1 | ... N7: {=_xlfn.IFS('Form responses 1'!N7 = "Selected", 1, 'Form responses 1'!N7 = "Not Selected", 0, 0, TRUE)} -> 1 | O7: {=_xlfn.IFS('Form responses 1'!O7 = "Yes", 1, 'Form responses 1'!O7 = "No", 2, 0, TRUE)} -> 2 | P7: {=_xlfn.IFS('Form responses 1'!P7 = "Yes", 1, 'Form responses 1'!P7 = "No", 2, 'Form responses 1'!P7 = "Not sure", 3, 0, TRUE)} -> 2 | Q7: {=_xlfn.IFS('Form responses 1'!Q7 = "Yes", 1, 'Form responses 1'!Q7 = "No", 2, 0, TRUE)} -> 2 | R7: {=_xlfn.IFS('Form responses 1'!R7 = "Yes", 1, 'Form responses 1'!R7 = "No", 2, 0, TRUE)} -> 1 | S7: {=_xlfn.IFS('Form responses 1'!S7 = "Severely embarrassed", 1, 'Form responses 1'!S7 = "Somewhat uncomfortable", 2, 'Form responses 1'!S7= "Not affected", 3, 'Form responses 1'!S7= "Indifferent", 4, 0, TRUE)} -> 1 | T7: {=_xlfn.IFS('Form responses 1'!T7 = "Yes", 1, 'Form responses 1'!T7 = "No", 2, 'Form responses 1'!T7 = "Not sure", 3, 0, TRUE)} -> 2 | U7: {=_xlfn.IFS('Form responses 1'!U7 = "Strongly agree", 1, 'Form responses 1'!U7 = "Agree", 2, 'Form responses 1'!U7 = "Neutral", 3, 'Form responses 1'!U7 = "Disagree", 4, 0, TRUE)} -> 2 | V7: {=_xlfn.IFS('Form responses 1'!V7 = "Selected", 1, 'Form responses 1'!V7 = "Not Selected", 0, 0, TRUE)} -> 1 | W7: {=_xlfn.IFS('Form responses 1'!W7 = "Selected", 1, 'Form responses 1'!W7 = "Not Selected", 0, 0, TRUE)} -> 0 | X7: {=_xlfn.IFS('Form responses 1'!X7 = "Selected", 1, 'Form responses 1'!X7 = "Not Selected", 0, 0, TRUE)} -> 0 | Y7: {=_xlfn.IFS('Form responses 1'!Y7 = "Selected", 1, 'Form responses 1'!Y7 = "Not Selected", 0, 0, TRUE)} -> 0 | Z7: {=_xlfn.IFS('Form responses 1'!Z7 = "Selected", 1, 'Form responses 1'!Z7 = "Not Selected", 0, 0, TRUE)} -> 1 | AA7: {=_xlfn.IFS('Form responses 1'!AA7 = "Very effective", 1, 'Form responses 1'!AA7 = "Somewhat effective", 2, 'Form responses 1'!AA7 = "Not effective", 3, 'Form responses 1'!AA7 = "Made it worse", 4, 0, TRUE)} -> 1 | AB7: {=_xlfn.IFS('Form responses 1'!AB7 = "Yes", 1, 'Form responses 1'!AB7 = "No", 2, 'Form responses 1'!AB7 = "Not sure", 3, 0, TRUE)} -> 1 | AC7: {=_xlfn.IFS('Form responses 1'!AC7 = "Yes", 1, 'Form responses 1'!AC7 = "No", 2, 0, TRUE)} -> 1
A8: {=_xlfn.IFS('Form responses 1'!A8 = "18-24 years", 1, 'Form responses 1'!A8 = "25-34 years", 2, 'Form responses 1'!A8= "35-44 years", 3, 'Form responses 1'!A8= "45-54 years", 4, 'Form responses 1'!A8= "55-64 years", 5, 'Form responses 1'!A8= "65 & above", 6, 0, TRUE)} -> 2 | B8: {=_xlfn.IFS('Form responses 1'!B8 = "Female", 1, 'Form responses 1'!B8 = "Male", 2, 0, TRUE)} -> 2 | C8: Alimosho | D8: {=_xlfn.IFS('Form responses 1'!D8 = "Once", 1, 'Form responses 1'!D8 = "Twice", 2, 'Form responses 1'!D8= "More than twice", 3, 'Form responses 1'!D8= "Occasionally", 4, 0, TRUE)} -> 2 | E8: {=_xlfn.IFS('Form responses 1'!E8 = "Selected", 1, 'Form responses 1'!E8 = "Not Selected", 0, 0, TRUE)} -> 0 | F8: {=_xlfn.IFS('Form responses 1'!F8 = "Selected", 1, 'Form responses 1'!F8 = "Not Selected", 0, 0, TRUE)} -> 1 | G8: {=_xlfn.IFS('Form responses 1'!G8 = "Selected", 1, 'Form responses 1'!G8 = "Not Selected", 0, 0, TRUE)} -> 0 | H8: {=_xlfn.IFS('Form responses 1'!H8 = "Selected", 1, 'Form responses 1'!H8 = "Not Selected", 0, 0, TRUE)} -> 0 | I8: {=_xlfn.IFS('Form responses 1'!I8 = "Selected", 1, 'Form responses 1'!I8 = "Not Selected", 0, 0, TRUE)} -> 0 | J8: {=_xlfn.IFS('Form responses 1'!J8 = "Selected", 1, 'Form responses 1'!J8 = "Not Selected", 0, 0, TRUE)} -> 1 | K8: {=_xlfn.IFS('Form responses 1'!K8 = "Selected", 1, 'Form responses 1'!K8 = "Not Selected", 0, 0, TRUE)} -> 0 | L8: {=_xlfn.IFS('Form responses 1'!L8 = "Selected", 1, 'Form responses 1'!L8 = "Not Selected", 0, 0, TRUE)} -> 0 | ... N8: {=_xlfn.IFS('Form responses 1'!N8 = "Selected", 1, 'Form responses 1'!N8 = "Not Selected", 0, 0, TRUE)} -> 0 | O8: {=_xlfn.IFS('Form responses 1'!O8 = "Yes", 1, 'Form responses 1'!O8 = "No", 2, 0, TRUE)} -> 2 | P8: {=_xlfn.IFS('Form responses 1'!P8 = "Yes", 1, 'Form responses 1'!P8 = "No", 2, 'Form responses 1'!P8 = "Not sure", 3, 0, TRUE)} -> 1 | Q8: {=_xlfn.IFS('Form responses 1'!Q8 = "Yes", 1, 'Form responses 1'!Q8 = "No", 2, 0, TRUE)} -> 2 | R8: {=_xlfn.IFS('Form responses 1'!R8 = "Yes", 1, 'Form responses 1'!R8 = "No", 2, 0, TRUE)} -> 2 | S8: {=_xlfn.IFS('Form responses 1'!S8 = "Severely embarrassed", 1, 'Form responses 1'!S8 = "Somewhat uncomfortable", 2, 'Form responses 1'!S8= "Not affected", 3, 'Form responses 1'!S8= "Indifferent", 4, 0, TRUE)} -> 3 | T8: {=_xlfn.IFS('Form responses 1'!T8 = "Yes", 1, 'Form responses 1'!T8 = "No", 2, 'Form responses 1'!T8 = "Not sure", 3, 0, TRUE)} -> 2 | U8: {=_xlfn.IFS('Form responses 1'!U8 = "Strongly agree", 1, 'Form responses 1'!U8 = "Agree", 2, 'Form responses 1'!U8 = "Neutral", 3, 'Form responses 1'!U8 = "Disagree", 4, 0, TRUE)} -> 2 | V8: {=_xlfn.IFS('Form responses 1'!V8 = "Selected", 1, 'Form responses 1'!V8 = "Not Selected", 0, 0, TRUE)} -> 1 | W8: {=_xlfn.IFS('Form responses 1'!W8 = "Selected", 1, 'Form responses 1'!W8 = "Not Selected", 0, 0, TRUE)} -> 0 | X8: {=_xlfn.IFS('Form responses 1'!X8 = "Selected", 1, 'Form responses 1'!X8 = "Not Selected", 0, 0, TRUE)} -> 0 | Y8: {=_xlfn.IFS('Form responses 1'!Y8 = "Selected", 1, 'Form responses 1'!Y8 = "Not Selected", 0, 0, TRUE)} -> 0 | Z8: {=_xlfn.IFS('Form responses 1'!Z8 = "Selected", 1, 'Form responses 1'!Z8 = "Not Selected", 0, 0, TRUE)} -> 0 | AA8: {=_xlfn.IFS('Form responses 1'!AA8 = "Very effective", 1, 'Form responses 1'!AA8 = "Somewhat effective", 2, 'Form responses 1'!AA8 = "Not effective", 3, 'Form responses 1'!AA8 = "Made it worse", 4, 0, TRUE)} -> 1 | AB8: {=_xlfn.IFS('Form responses 1'!AB8 = "Yes", 1, 'Form responses 1'!AB8 = "No", 2, 'Form responses 1'!AB8 = "Not sure", 3, 0, TRUE)} -> 1 | AC8: {=_xlfn.IFS('Form responses 1'!AC8 = "Yes", 1, 'Form responses 1'!AC8 = "No", 2, 0, TRUE)} -> 1
A9: {=_xlfn.IFS('Form responses 1'!A9 = "18-24 years", 1, 'Form responses 1'!A9 = "25-34 years", 2, 'Form responses 1'!A9= "35-44 years", 3, 'Form responses 1'!A9= "45-54 years", 4, 'Form responses 1'!A9= "55-64 years", 5, 'Form responses 1'!A9= "65 & above", 6, 0, TRUE)} -> 1 | B9: {=_xlfn.IFS('Form responses 1'!B9 = "Female", 1, 'Form responses 1'!B9 = "Male", 2, 0, TRUE)} -> 1 | C9: Oshodi Isolo | D9: {=_xlfn.IFS('Form responses 1'!D9 = "Once", 1, 'Form responses 1'!D9 = "Twice", 2, 'Form responses 1'!D9= "More than twice", 3, 'Form responses 1'!D9= "Occasionally", 4, 0, TRUE)} -> 2 | E9: {=_xlfn.IFS('Form responses 1'!E9 = "Selected", 1, 'Form responses 1'!E9 = "Not Selected", 0, 0, TRUE)} -> 1 | F9: {=_xlfn.IFS('Form responses 1'!F9 = "Selected", 1, 'Form responses 1'!F9 = "Not Selected", 0, 0, TRUE)} -> 1 | G9: {=_xlfn.IFS('Form responses 1'!G9 = "Selected", 1, 'Form responses 1'!G9 = "Not Selected", 0, 0, TRUE)} -> 0 | H9: {=_xlfn.IFS('Form responses 1'!H9 = "Selected", 1, 'Form responses 1'!H9 = "Not Selected", 0, 0, TRUE)} -> 0 | I9: {=_xlfn.IFS('Form responses 1'!I9 = "Selected", 1, 'Form responses 1'!I9 = "Not Selected", 0, 0, TRUE)} -> 0 | J9: {=_xlfn.IFS('Form responses 1'!J9 = "Selected", 1, 'Form responses 1'!J9 = "Not Selected", 0, 0, TRUE)} -> 1 | K9: {=_xlfn.IFS('Form responses 1'!K9 = "Selected", 1, 'Form responses 1'!K9 = "Not Selected", 0, 0, TRUE)} -> 0 | L9: {=_xlfn.IFS('Form responses 1'!L9 = "Selected", 1, 'Form responses 1'!L9 = "Not Selected", 0, 0, TRUE)} -> 0 | ... N9: {=_xlfn.IFS('Form responses 1'!N9 = "Selected", 1, 'Form responses 1'!N9 = "Not Selected", 0, 0, TRUE)} -> 0 | O9: {=_xlfn.IFS('Form responses 1'!O9 = "Yes", 1, 'Form responses 1'!O9 = "No", 2, 0, TRUE)} -> 2 | P9: {=_xlfn.IFS('Form responses 1'!P9 = "Yes", 1, 'Form responses 1'!P9 = "No", 2, 'Form responses 1'!P9 = "Not sure", 3, 0, TRUE)} -> 3 | Q9: {=_xlfn.IFS('Form responses 1'!Q9 = "Yes", 1, 'Form responses 1'!Q9 = "No", 2, 0, TRUE)} -> 1 | R9: {=_xlfn.IFS('Form responses 1'!R9 = "Yes", 1, 'Form responses 1'!R9 = "No", 2, 0, TRUE)} -> 2 | S9: {=_xlfn.IFS('Form responses 1'!S9 = "Severely embarrassed", 1, 'Form responses 1'!S9 = "Somewhat uncomfortable", 2, 'Form responses 1'!S9= "Not affected", 3, 'Form responses 1'!S9= "Indifferent", 4, 0, TRUE)} -> 3 | T9: {=_xlfn.IFS('Form responses 1'!T9 = "Yes", 1, 'Form responses 1'!T9 = "No", 2, 'Form responses 1'!T9 = "Not sure", 3, 0, TRUE)} -> 2 | U9: {=_xlfn.IFS('Form responses 1'!U9 = "Strongly agree", 1, 'Form responses 1'!U9 = "Agree", 2, 'Form responses 1'!U9 = "Neutral", 3, 'Form responses 1'!U9 = "Disagree", 4, 0, TRUE)} -> 1 | V9: {=_xlfn.IFS('Form responses 1'!V9 = "Selected", 1, 'Form responses 1'!V9 = "Not Selected", 0, 0, TRUE)} -> 1 | W9: {=_xlfn.IFS('Form responses 1'!W9 = "Selected", 1, 'Form responses 1'!W9 = "Not Selected", 0, 0, TRUE)} -> 0 | X9: {=_xlfn.IFS('Form responses 1'!X9 = "Selected", 1, 'Form responses 1'!X9 = "Not Selected", 0, 0, TRUE)} -> 0 | Y9: {=_xlfn.IFS('Form responses 1'!Y9 = "Selected", 1, 'Form responses 1'!Y9 = "Not Selected", 0, 0, TRUE)} -> 0 | Z9: {=_xlfn.IFS('Form responses 1'!Z9 = "Selected", 1, 'Form responses 1'!Z9 = "Not Selected", 0, 0, TRUE)} -> 1 | AA9: {=_xlfn.IFS('Form responses 1'!AA9 = "Very effective", 1, 'Form responses 1'!AA9 = "Somewhat effective", 2, 'Form responses 1'!AA9 = "Not effective", 3, 'Form responses 1'!AA9 = "Made it worse", 4, 0, TRUE)} -> 1 | AB9: {=_xlfn.IFS('Form responses 1'!AB9 = "Yes", 1, 'Form responses 1'!AB9 = "No", 2, 'Form responses 1'!AB9 = "Not sure", 3, 0, TRUE)} -> 1 | AC9: {=_xlfn.IFS('Form responses 1'!AC9 = "Yes", 1, 'Form responses 1'!AC9 = "No", 2, 0, TRUE)} -> 1
A10: {=_xlfn.IFS('Form responses 1'!A10 = "18-24 years", 1, 'Form responses 1'!A10 = "25-34 years", 2, 'Form responses 1'!A10= "35-44 years", 3, 'Form responses 1'!A10= "45-54 years", 4, 'Form responses 1'!A10= "55-64 years", 5, 'Form responses 1'!A10= "65 & above", 6, 0, TRUE)} -> 1 | B10: {=_xlfn.IFS('Form responses 1'!B10 = "Female", 1, 'Form responses 1'!B10 = "Male", 2, 0, TRUE)} -> 1 | C10: Ikorodu west | D10: {=_xlfn.IFS('Form responses 1'!D10 = "Once", 1, 'Form responses 1'!D10 = "Twice", 2, 'Form responses 1'!D10= "More than twice", 3, 'Form responses 1'!D10= "Occasionally", 4, 0, TRUE)} -> 2 | E10: {=_xlfn.IFS('Form responses 1'!E10 = "Selected", 1, 'Form responses 1'!E10 = "Not Selected", 0, 0, TRUE)} -> 1 | F10: {=_xlfn.IFS('Form responses 1'!F10 = "Selected", 1, 'Form responses 1'!F10 = "Not Selected", 0, 0, TRUE)} -> 1 | G10: {=_xlfn.IFS('Form responses 1'!G10 = "Selected", 1, 'Form responses 1'!G10 = "Not Selected", 0, 0, TRUE)} -> 0 | H10: {=_xlfn.IFS('Form responses 1'!H10 = "Selected", 1, 'Form responses 1'!H10 = "Not Selected", 0, 0, TRUE)} -> 0 | I10: {=_xlfn.IFS('Form responses 1'!I10 = "Selected", 1, 'Form responses 1'!I10 = "Not Selected", 0, 0, TRUE)} -> 0 | J10: {=_xlfn.IFS('Form responses 1'!J10 = "Selected", 1, 'Form responses 1'!J10 = "Not Selected", 0, 0, TRUE)} -> 1 | K10: {=_xlfn.IFS('Form responses 1'!K10 = "Selected", 1, 'Form responses 1'!K10 = "Not Selected", 0, 0, TRUE)} -> 1 | L10: {=_xlfn.IFS('Form responses 1'!L10 = "Selected", 1, 'Form responses 1'!L10 = "Not Selected", 0, 0, TRUE)} -> 1 | ... N10: {=_xlfn.IFS('Form responses 1'!N10 = "Selected", 1, 'Form responses 1'!N10 = "Not Selected", 0, 0, TRUE)} -> 0 | O10: {=_xlfn.IFS('Form responses 1'!O10 = "Yes", 1, 'Form responses 1'!O10 = "No", 2, 0, TRUE)} -> 2 | P10: {=_xlfn.IFS('Form responses 1'!P10 = "Yes", 1, 'Form responses 1'!P10 = "No", 2, 'Form responses 1'!P10 = "Not sure", 3, 0, TRUE)} -> 2 | Q10: {=_xlfn.IFS('Form responses 1'!Q10 = "Yes", 1, 'Form responses 1'!Q10 = "No", 2, 0, TRUE)} -> 1 | R10: {=_xlfn.IFS('Form responses 1'!R10 = "Yes", 1, 'Form responses 1'!R10 = "No", 2, 0, TRUE)} -> 2 | S10: {=_xlfn.IFS('Form responses 1'!S10 = "Severely embarrassed", 1, 'Form responses 1'!S10 = "Somewhat uncomfortable", 2, 'Form responses 1'!S10= "Not affected", 3, 'Form responses 1'!S10= "Indifferent", 4, 0, TRUE)} -> 3 | T10: {=_xlfn.IFS('Form responses 1'!T10 = "Yes", 1, 'Form responses 1'!T10 = "No", 2, 'Form responses 1'!T10 = "Not sure", 3, 0, TRUE)} -> 2 | U10: {=_xlfn.IFS('Form responses 1'!U10 = "Strongly agree", 1, 'Form responses 1'!U10 = "Agree", 2, 'Form responses 1'!U10 = "Neutral", 3, 'Form responses 1'!U10 = "Disagree", 4, 0, TRUE)} -> 2 | V10: {=_xlfn.IFS('Form responses 1'!V10 = "Selected", 1, 'Form responses 1'!V10 = "Not Selected", 0, 0, TRUE)} -> 1 | W10: {=_xlfn.IFS('Form responses 1'!W10 = "Selected", 1, 'Form responses 1'!W10 = "Not Selected", 0, 0, TRUE)} -> 0 | X10: {=_xlfn.IFS('Form responses 1'!X10 = "Selected", 1, 'Form responses 1'!X10 = "Not Selected", 0, 0, TRUE)} -> 0 | Y10: {=_xlfn.IFS('Form responses 1'!Y10 = "Selected", 1, 'Form responses 1'!Y10 = "Not Selected", 0, 0, TRUE)} -> 0 | Z10: {=_xlfn.IFS('Form responses 1'!Z10 = "Selected", 1, 'Form responses 1'!Z10 = "Not Selected", 0, 0, TRUE)} -> 1 | AA10: {=_xlfn.IFS('Form responses 1'!AA10 = "Very effective", 1, 'Form responses 1'!AA10 = "Somewhat effective", 2, 'Form responses 1'!AA10 = "Not effective", 3, 'Form responses 1'!AA10 = "Made it worse", 4, 0, TRUE)} -> 1 | AB10: {=_xlfn.IFS('Form responses 1'!AB10 = "Yes", 1, 'Form responses 1'!AB10 = "No", 2, 'Form responses 1'!AB10 = "Not sure", 3, 0, TRUE)} -> 1 | AC10: {=_xlfn.IFS('Form responses 1'!AC10 = "Yes", 1, 'Form responses 1'!AC10 = "No", 2, 0, TRUE)} -> 1
A11: {=_xlfn.IFS('Form responses 1'!A11 = "18-24 years", 1, 'Form responses 1'!A11 = "25-34 years", 2, 'Form responses 1'!A11= "35-44 years", 3, 'Form responses 1'!A11= "45-54 years", 4, 'Form responses 1'!A11= "55-64 years", 5, 'Form responses 1'!A11= "65 & above", 6, 0, TRUE)} -> 2 | B11: {=_xlfn.IFS('Form responses 1'!B11 = "Female", 1, 'Form responses 1'!B11 = "Male", 2, 0, TRUE)} -> 2 | C11: Oshodi Isolo | D11: {=_xlfn.IFS('Form responses 1'!D11 = "Once", 1, 'Form responses 1'!D11 = "Twice", 2, 'Form responses 1'!D11= "More than twice", 3, 'Form responses 1'!D11= "Occasionally", 4, 0, TRUE)} -> 3 | E11: {=_xlfn.IFS('Form responses 1'!E11 = "Selected", 1, 'Form responses 1'!E11 = "Not Selected", 0, 0, TRUE)} -> 0 | F11: {=_xlfn.IFS('Form responses 1'!F11 = "Selected", 1, 'Form responses 1'!F11 = "Not Selected", 0, 0, TRUE)} -> 1 | G11: {=_xlfn.IFS('Form responses 1'!G11 = "Selected", 1, 'Form responses 1'!G11 = "Not Selected", 0, 0, TRUE)} -> 0 | H11: {=_xlfn.IFS('Form responses 1'!H11 = "Selected", 1, 'Form responses 1'!H11 = "Not Selected", 0, 0, TRUE)} -> 0 | I11: {=_xlfn.IFS('Form responses 1'!I11 = "Selected", 1, 'Form responses 1'!I11 = "Not Selected", 0, 0, TRUE)} -> 0 | J11: {=_xlfn.IFS('Form responses 1'!J11 = "Selected", 1, 'Form responses 1'!J11 = "Not Selected", 0, 0, TRUE)} -> 0 | K11: {=_xlfn.IFS('Form responses 1'!K11 = "Selected", 1, 'Form responses 1'!K11 = "Not Selected", 0, 0, TRUE)} -> 1 | L11: {=_xlfn.IFS('Form responses 1'!L11 = "Selected", 1, 'Form responses 1'!L11 = "Not Selected", 0, 0, TRUE)} -> 1 | ... N11: {=_xlfn.IFS('Form responses 1'!N11 = "Selected", 1, 'Form responses 1'!N11 = "Not Selected", 0, 0, TRUE)} -> 1 | O11: {=_xlfn.IFS('Form responses 1'!O11 = "Yes", 1, 'Form responses 1'!O11 = "No", 2, 0, TRUE)} -> 2 | P11: {=_xlfn.IFS('Form responses 1'!P11 = "Yes", 1, 'Form responses 1'!P11 = "No", 2, 'Form responses 1'!P11 = "Not sure", 3, 0, TRUE)} -> 3 | Q11: {=_xlfn.IFS('Form responses 1'!Q11 = "Yes", 1, 'Form responses 1'!Q11 = "No", 2, 0, TRUE)} -> 2 | R11: {=_xlfn.IFS('Form responses 1'!R11 = "Yes", 1, 'Form responses 1'!R11 = "No", 2, 0, TRUE)} -> 2 | S11: {=_xlfn.IFS('Form responses 1'!S11 = "Severely embarrassed", 1, 'Form responses 1'!S11 = "Somewhat uncomfortable", 2, 'Form responses 1'!S11= "Not affected", 3, 'Form responses 1'!S11= "Indifferent", 4, 0, TRUE)} -> 3 | T11: {=_xlfn.IFS('Form responses 1'!T11 = "Yes", 1, 'Form responses 1'!T11 = "No", 2, 'Form responses 1'!T11 = "Not sure", 3, 0, TRUE)} -> 2 | U11: {=_xlfn.IFS('Form responses 1'!U11 = "Strongly agree", 1, 'Form responses 1'!U11 = "Agree", 2, 'Form responses 1'!U11 = "Neutral", 3, 'Form responses 1'!U11 = "Disagree", 4, 0, TRUE)} -> 3 | V11: {=_xlfn.IFS('Form responses 1'!V11 = "Selected", 1, 'Form responses 1'!V11 = "Not Selected", 0, 0, TRUE)} -> 1 | W11: {=_xlfn.IFS('Form responses 1'!W11 = "Selected", 1, 'Form responses 1'!W11 = "Not Selected", 0, 0, TRUE)} -> 1 | X11: {=_xlfn.IFS('Form responses 1'!X11 = "Selected", 1, 'Form responses 1'!X11 = "Not Selected", 0, 0, TRUE)} -> 0 | Y11: {=_xlfn.IFS('Form responses 1'!Y11 = "Selected", 1, 'Form responses 1'!Y11 = "Not Selected", 0, 0, TRUE)} -> 0 | Z11: {=_xlfn.IFS('Form responses 1'!Z11 = "Selected", 1, 'Form responses 1'!Z11 = "Not Selected", 0, 0, TRUE)} -> 1 | AA11: {=_xlfn.IFS('Form responses 1'!AA11 = "Very effective", 1, 'Form responses 1'!AA11 = "Somewhat effective", 2, 'Form responses 1'!AA11 = "Not effective", 3, 'Form responses 1'!AA11 = "Made it worse", 4, 0, TRUE)} -> 1 | AB11: {=_xlfn.IFS('Form responses 1'!AB11 = "Yes", 1, 'Form responses 1'!AB11 = "No", 2, 'Form responses 1'!AB11 = "Not sure", 3, 0, TRUE)} -> 3 | AC11: {=_xlfn.IFS('Form responses 1'!AC11 = "Yes", 1, 'Form responses 1'!AC11 = "No", 2, 0, TRUE)} -> 1
A12: {=_xlfn.IFS('Form responses 1'!A12 = "18-24 years", 1, 'Form responses 1'!A12 = "25-34 years", 2, 'Form responses 1'!A12= "35-44 years", 3, 'Form responses 1'!A12= "45-54 years", 4, 'Form responses 1'!A12= "55-64 years", 5, 'Form responses 1'!A12= "65 & above", 6, 0, TRUE)} -> 2 | B12: {=_xlfn.IFS('Form responses 1'!B12 = "Female", 1, 'Form responses 1'!B12 = "Male", 2, 0, TRUE)} -> 1 | C12: Ikorodu | D12: {=_xlfn.IFS('Form responses 1'!D12 = "Once", 1, 'Form responses 1'!D12 = "Twice", 2, 'Form responses 1'!D12= "More than twice", 3, 'Form responses 1'!D12= "Occasionally", 4, 0, TRUE)} -> 2 | E12: {=_xlfn.IFS('Form responses 1'!E12 = "Selected", 1, 'Form responses 1'!E12 = "Not Selected", 0, 0, TRUE)} -> 0 | F12: {=_xlfn.IFS('Form responses 1'!F12 = "Selected", 1, 'Form responses 1'!F12 = "Not Selected", 0, 0, TRUE)} -> 0 | G12: {=_xlfn.IFS('Form responses 1'!G12 = "Selected", 1, 'Form responses 1'!G12 = "Not Selected", 0, 0, TRUE)} -> 0 | H12: {=_xlfn.IFS('Form responses 1'!H12 = "Selected", 1, 'Form responses 1'!H12 = "Not Selected", 0, 0, TRUE)} -> 0 | I12: {=_xlfn.IFS('Form responses 1'!I12 = "Selected", 1, 'Form responses 1'!I12 = "Not Selected", 0, 0, TRUE)} -> 1 | J12: {=_xlfn.IFS('Form responses 1'!J12 = "Selected", 1, 'Form responses 1'!J12 = "Not Selected", 0, 0, TRUE)} -> 0 | K12: {=_xlfn.IFS('Form responses 1'!K12 = "Selected", 1, 'Form responses 1'!K12 = "Not Selected", 0, 0, TRUE)} -> 0 | L12: {=_xlfn.IFS('Form responses 1'!L12 = "Selected", 1, 'Form responses 1'!L12 = "Not Selected", 0, 0, TRUE)} -> 0 | ... N12: {=_xlfn.IFS('Form responses 1'!N12 = "Selected", 1, 'Form responses 1'!N12 = "Not Selected", 0, 0, TRUE)} -> 1 | O12: {=_xlfn.IFS('Form responses 1'!O12 = "Yes", 1, 'Form responses 1'!O12 = "No", 2, 0, TRUE)} -> 2 | P12: {=_xlfn.IFS('Form responses 1'!P12 = "Yes", 1, 'Form responses 1'!P12 = "No", 2, 'Form responses 1'!P12 = "Not sure", 3, 0, TRUE)} -> 1 | Q12: {=_xlfn.IFS('Form responses 1'!Q12 = "Yes", 1, 'Form responses 1'!Q12 = "No", 2, 0, TRUE)} -> 1 | R12: {=_xlfn.IFS('Form responses 1'!R12 = "Yes", 1, 'Form responses 1'!R12 = "No", 2, 0, TRUE)} -> 2 | S12: {=_xlfn.IFS('Form responses 1'!S12 = "Severely embarrassed", 1, 'Form responses 1'!S12 = "Somewhat uncomfortable", 2, 'Form responses 1'!S12= "Not affected", 3, 'Form responses 1'!S12= "Indifferent", 4, 0, TRUE)} -> 3 | T12: {=_xlfn.IFS('Form responses 1'!T12 = "Yes", 1, 'Form responses 1'!T12 = "No", 2, 'Form responses 1'!T12 = "Not sure", 3, 0, TRUE)} -> 1 | U12: {=_xlfn.IFS('Form responses 1'!U12 = "Strongly agree", 1, 'Form responses 1'!U12 = "Agree", 2, 'Form responses 1'!U12 = "Neutral", 3, 'Form responses 1'!U12 = "Disagree", 4, 0, TRUE)} -> 1 | V12: {=_xlfn.IFS('Form responses 1'!V12 = "Selected", 1, 'Form responses 1'!V12 = "Not Selected", 0, 0, TRUE)} -> 1 | W12: {=_xlfn.IFS('Form responses 1'!W12 = "Selected", 1, 'Form responses 1'!W12 = "Not Selected", 0, 0, TRUE)} -> 0 | X12: {=_xlfn.IFS('Form responses 1'!X12 = "Selected", 1, 'Form responses 1'!X12 = "Not Selected", 0, 0, TRUE)} -> 0 | Y12: {=_xlfn.IFS('Form responses 1'!Y12 = "Selected", 1, 'Form responses 1'!Y12 = "Not Selected", 0, 0, TRUE)} -> 0 | Z12: {=_xlfn.IFS('Form responses 1'!Z12 = "Selected", 1, 'Form responses 1'!Z12 = "Not Selected", 0, 0, TRUE)} -> 1 | AA12: {=_xlfn.IFS('Form responses 1'!AA12 = "Very effective", 1, 'Form responses 1'!AA12 = "Somewhat effective", 2, 'Form responses 1'!AA12 = "Not effective", 3, 'Form responses 1'!AA12 = "Made it worse", 4, 0, TRUE)} -> 1 | AB12: {=_xlfn.IFS('Form responses 1'!AB12 = "Yes", 1, 'Form responses 1'!AB12 = "No", 2, 'Form responses 1'!AB12 = "Not sure", 3, 0, TRUE)} -> 1 | AC12: {=_xlfn.IFS('Form responses 1'!AC12 = "Yes", 1, 'Form responses 1'!AC12 = "No", 2, 0, TRUE)} -> 1
A13: {=_xlfn.IFS('Form responses 1'!A13 = "18-24 years", 1, 'Form responses 1'!A13 = "25-34 years", 2, 'Form responses 1'!A13= "35-44 years", 3, 'Form responses 1'!A13= "45-54 years", 4, 'Form responses 1'!A13= "55-64 years", 5, 'Form responses 1'!A13= "65 & above", 6, 0, TRUE)} -> 3 | B13: {=_xlfn.IFS('Form responses 1'!B13 = "Female", 1, 'Form responses 1'!B13 = "Male", 2, 0, TRUE)} -> 1 | C13: Badagry | D13: {=_xlfn.IFS('Form responses 1'!D13 = "Once", 1, 'Form responses 1'!D13 = "Twice", 2, 'Form responses 1'!D13= "More than twice", 3, 'Form responses 1'!D13= "Occasionally", 4, 0, TRUE)} -> 2 | E13: {=_xlfn.IFS('Form responses 1'!E13 = "Selected", 1, 'Form responses 1'!E13 = "Not Selected", 0, 0, TRUE)} -> 1 | F13: {=_xlfn.IFS('Form responses 1'!F13 = "Selected", 1, 'Form responses 1'!F13 = "Not Selected", 0, 0, TRUE)} -> 1 | G13: {=_xlfn.IFS('Form responses 1'!G13 = "Selected", 1, 'Form responses 1'!G13 = "Not Selected", 0, 0, TRUE)} -> 0 | H13: {=_xlfn.IFS('Form responses 1'!H13 = "Selected", 1, 'Form responses 1'!H13 = "Not Selected", 0, 0, TRUE)} -> 0 | I13: {=_xlfn.IFS('Form responses 1'!I13 = "Selected", 1, 'Form responses 1'!I13 = "Not Selected", 0, 0, TRUE)} -> 0 | J13: {=_xlfn.IFS('Form responses 1'!J13 = "Selected", 1, 'Form responses 1'!J13 = "Not Selected", 0, 0, TRUE)} -> 1 | K13: {=_xlfn.IFS('Form responses 1'!K13 = "Selected", 1, 'Form responses 1'!K13 = "Not Selected", 0, 0, TRUE)} -> 1 | L13: {=_xlfn.IFS('Form responses 1'!L13 = "Selected", 1, 'Form responses 1'!L13 = "Not Selected", 0, 0, TRUE)} -> 0 | ... N13: {=_xlfn.IFS('Form responses 1'!N13 = "Selected", 1, 'Form responses 1'!N13 = "Not Selected", 0, 0, TRUE)} -> 1 | O13: {=_xlfn.IFS('Form responses 1'!O13 = "Yes", 1, 'Form responses 1'!O13 = "No", 2, 0, TRUE)} -> 2 | P13: {=_xlfn.IFS('Form responses 1'!P13 = "Yes", 1, 'Form responses 1'!P13 = "No", 2, 'Form responses 1'!P13 = "Not sure", 3, 0, TRUE)} -> 3 | Q13: {=_xlfn.IFS('Form responses 1'!Q13 = "Yes", 1, 'Form responses 1'!Q13 = "No", 2, 0, TRUE)} -> 2 | R13: {=_xlfn.IFS('Form responses 1'!R13 = "Yes", 1, 'Form responses 1'!R13 = "No", 2, 0, TRUE)} -> 2 | S13: {=_xlfn.IFS('Form responses 1'!S13 = "Severely embarrassed", 1, 'Form responses 1'!S13 = "Somewhat uncomfortable", 2, 'Form responses 1'!S13= "Not affected", 3, 'Form responses 1'!S13= "Indifferent", 4, 0, TRUE)} -> 3 | T13: {=_xlfn.IFS('Form responses 1'!T13 = "Yes", 1, 'Form responses 1'!T13 = "No", 2, 'Form responses 1'!T13 = "Not sure", 3, 0, TRUE)} -> 2 | U13: {=_xlfn.IFS('Form responses 1'!U13 = "Strongly agree", 1, 'Form responses 1'!U13 = "Agree", 2, 'Form responses 1'!U13 = "Neutral", 3, 'Form responses 1'!U13 = "Disagree", 4, 0, TRUE)} -> 1 | V13: {=_xlfn.IFS('Form responses 1'!V13 = "Selected", 1, 'Form responses 1'!V13 = "Not Selected", 0, 0, TRUE)} -> 1 | W13: {=_xlfn.IFS('Form responses 1'!W13 = "Selected", 1, 'Form responses 1'!W13 = "Not Selected", 0, 0, TRUE)} -> 0 | X13: {=_xlfn.IFS('Form responses 1'!X13 = "Selected", 1, 'Form responses 1'!X13 = "Not Selected", 0, 0, TRUE)} -> 0 | Y13: {=_xlfn.IFS('Form responses 1'!Y13 = "Selected", 1, 'Form responses 1'!Y13 = "Not Selected", 0, 0, TRUE)} -> 0 | Z13: {=_xlfn.IFS('Form responses 1'!Z13 = "Selected", 1, 'Form responses 1'!Z13 = "Not Selected", 0, 0, TRUE)} -> 1 | AA13: {=_xlfn.IFS('Form responses 1'!AA13 = "Very effective", 1, 'Form responses 1'!AA13 = "Somewhat effective", 2, 'Form responses 1'!AA13 = "Not effective", 3, 'Form responses 1'!AA13 = "Made it worse", 4, 0, TRUE)} -> 1 | AB13: {=_xlfn.IFS('Form responses 1'!AB13 = "Yes", 1, 'Form responses 1'!AB13 = "No", 2, 'Form responses 1'!AB13 = "Not sure", 3, 0, TRUE)} -> 1 | AC13: {=_xlfn.IFS('Form responses 1'!AC13 = "Yes", 1, 'Form responses 1'!AC13 = "No", 2, 0, TRUE)} -> 1
... A83: {=_xlfn.IFS('Form responses 1'!A83 = "18-24 years", 1, 'Form responses 1'!A83 = "25-34 years", 2, 'Form responses 1'!A83= "35-44 years", 3, 'Form responses 1'!A83= "45-54 years", 4, 'Form responses 1'!A83= "55-64 years", 5, 'Form responses 1'!A83= "65 & above", 6, 0, TRUE)} -> 2 | B83: {=_xlfn.IFS('Form responses 1'!B83 = "Female", 1, 'Form responses 1'!B83 = "Male", 2, 0, TRUE)} -> 1 | C83: Mushin | D83: {=_xlfn.IFS('Form responses 1'!D83 = "Once", 1, 'Form responses 1'!D83 = "Twice", 2, 'Form responses 1'!D83= "More than twice", 3, 'Form responses 1'!D83= "Occasionally", 4, 0, TRUE)} -> 2 | E83: {=_xlfn.IFS('Form responses 1'!E83 = "Selected", 1, 'Form responses 1'!E83 = "Not Selected", 0, 0, TRUE)} -> 0 | F83: {=_xlfn.IFS('Form responses 1'!F83 = "Selected", 1, 'Form responses 1'!F83 = "Not Selected", 0, 0, TRUE)} -> 1 | G83: {=_xlfn.IFS('Form responses 1'!G83 = "Selected", 1, 'Form responses 1'!G83 = "Not Selected", 0, 0, TRUE)} -> 0 | H83: {=_xlfn.IFS('Form responses 1'!H83 = "Selected", 1, 'Form responses 1'!H83 = "Not Selected", 0, 0, TRUE)} -> 0 | I83: {=_xlfn.IFS('Form responses 1'!I83 = "Selected", 1, 'Form responses 1'!I83 = "Not Selected", 0, 0, TRUE)} -> 0 | J83: {=_xlfn.IFS('Form responses 1'!J83 = "Selected", 1, 'Form responses 1'!J83 = "Not Selected", 0, 0, TRUE)} -> 0 | K83: {=_xlfn.IFS('Form responses 1'!K83 = "Selected", 1, 'Form responses 1'!K83 = "Not Selected", 0, 0, TRUE)} -> 0 | L83: {=_xlfn.IFS('Form responses 1'!L83 = "Selected", 1, 'Form responses 1'!L83 = "Not Selected", 0, 0, TRUE)} -> 1 | ... N83: {=_xlfn.IFS('Form responses 1'!N83 = "Selected", 1, 'Form responses 1'!N83 = "Not Selected", 0, 0, TRUE)} -> 0 | O83: {=_xlfn.IFS('Form responses 1'!O83 = "Yes", 1, 'Form responses 1'!O83 = "No", 2, 0, TRUE)} -> 2 | P83: {=_xlfn.IFS('Form responses 1'!P83 = "Yes", 1, 'Form responses 1'!P83 = "No", 2, 'Form responses 1'!P83 = "Not sure", 3, 0, TRUE)} -> 1 | Q83: {=_xlfn.IFS('Form responses 1'!Q83 = "Yes", 1, 'Form responses 1'!Q83 = "No", 2, 0, TRUE)} -> 2 | R83: {=_xlfn.IFS('Form responses 1'!R83 = "Yes", 1, 'Form responses 1'!R83 = "No", 2, 0, TRUE)} -> 2 | S83: {=_xlfn.IFS('Form responses 1'!S83 = "Severely embarrassed", 1, 'Form responses 1'!S83 = "Somewhat uncomfortable", 2, 'Form responses 1'!S83= "Not affected", 3, 'Form responses 1'!S83= "Indifferent", 4, 0, TRUE)} -> 3 | T83: {=_xlfn.IFS('Form responses 1'!T83 = "Yes", 1, 'Form responses 1'!T83 = "No", 2, 'Form responses 1'!T83 = "Not sure", 3, 0, TRUE)} -> 2 | U83: {=_xlfn.IFS('Form responses 1'!U83 = "Strongly agree", 1, 'Form responses 1'!U83 = "Agree", 2, 'Form responses 1'!U83 = "Neutral", 3, 'Form responses 1'!U83 = "Disagree", 4, 0, TRUE)} -> 2 | V83: {=_xlfn.IFS('Form responses 1'!V83 = "Selected", 1, 'Form responses 1'!V83 = "Not Selected", 0, 0, TRUE)} -> 0 | W83: {=_xlfn.IFS('Form responses 1'!W83 = "Selected", 1, 'Form responses 1'!W83 = "Not Selected", 0, 0, TRUE)} -> 0 | X83: {=_xlfn.IFS('Form responses 1'!X83 = "Selected", 1, 'Form responses 1'!X83 = "Not Selected", 0, 0, TRUE)} -> 0 | Y83: {=_xlfn.IFS('Form responses 1'!Y83 = "Selected", 1, 'Form responses 1'!Y83 = "Not Selected", 0, 0, TRUE)} -> 0 | Z83: {=_xlfn.IFS('Form responses 1'!Z83 = "Selected", 1, 'Form responses 1'!Z83 = "Not Selected", 0, 0, TRUE)} -> 1 | AA83: {=_xlfn.IFS('Form responses 1'!AA83 = "Very effective", 1, 'Form responses 1'!AA83 = "Somewhat effective", 2, 'Form responses 1'!AA83 = "Not effective", 3, 'Form responses 1'!AA83 = "Made it worse", 4, 0, TRUE)} -> 1 | AB83: {=_xlfn.IFS('Form responses 1'!AB83 = "Yes", 1, 'Form responses 1'!AB83 = "No", 2, 'Form responses 1'!AB83 = "Not sure", 3, 0, TRUE)} -> 1 | AC83: {=_xlfn.IFS('Form responses 1'!AC83 = "Yes", 1, 'Form responses 1'!AC83 = "No", 2, 0, TRUE)} -> 1

Sheet Sheet2
A1: Age | B1: Gender | C1: LGA | D1: Q4 | E1: Q5_1 | F1: Q5_2 | G1: Q5_3 | H1: Q5_4 | I1: Q5_5 | J1: Q6_1 | K1: Q6_2 | L1: Q6_3 | M1: Q6_4 | N1: Q6_5 | O1: Q7 | P1: Q8 | Q1: Q9 | R1: Q10 | S1: Q11 | T1: Q12 | U1: Q13 | V1: Q14_1 | W1: Q14_2 | X1: Q14_3 | Y1: Q14_4 | Z1: Q14_5 | AA1: Q15 | AB1: Q16 | AC1: Q17
A2: 2 | B2: 2 | C2: Alimosho | D2: 2 | E2: 1 | F2: 1 | G2: 0 | H2: 0 | I2: 0 | J2: 1 | K2: 0 | L2: 1 | M2: 0 | N2: 0 | O2: 2 | P2: 3 | Q2: 2 | R2: 2 | S2: 3 | T2: 2 | U2: 2 | V2: 1 | W2: 0 | X2: 0 | Y2: 0 | Z2: 1 | AA2: 1 | AB2: 1 | AC2: 1
A3: 2 | B3: 2 | C3: Surulere | D3: 2 | E3: 0 | F3: 1 | G3: 0 | H3: 0 | I3: 0 | J3: 1 | K3: 0 | L3: 0 | M3: 0 | N3: 0 | O3: 2 | P3: 2 | Q3: 2 | R3: 2 | S3: 3 | T3: 2 | U3: 2 | V3: 0 | W3: 0 | X3: 0 | Y3: 0 | Z3: 1 | AA3: 1 | AB3: 1 | AC3: 1
A4: 1 | B4: 2 | C4: Ifako Ijaiye | D4: 2 | E4: 1 | F4: 1 | G4: 0 | H4: 0 | I4: 0 | J4: 1 | K4: 1 | L4: 0 | M4: 1 | N4: 0 | O4: 2 | P4: 2 | Q4: 2 | R4: 2 | S4: 3 | T4: 2 | U4: 2 | V4: 0 | W4: 0 | X4: 0 | Y4: 0 | Z4: 1 | AA4: 1 | AB4: 3 | AC4: 1
A5: 2 | B5: 1 | C5: Shomolu | D5: 2 | E5: 0 | F5: 1 | G5: 0 | H5: 0 | I5: 0 | J5: 0 | K5: 1 | L5: 1 | M5: 1 | N5: 0 | O5: 2 | P5: 2 | Q5: 2 | R5: 2 | S5: 3 | T5: 2 | U5: 2 | V5: 0 | W5: 0 | X5: 0 | Y5: 0 | Z5: 1 | AA5: 1 | AB5: 1 | AC5: 1
A6: 1 | B6: 1 | C6: Eti-Osa | D6: 2 | E6: 0 | F6: 1 | G6: 0 | H6: 0 | I6: 0 | J6: 1 | K6: 1 | L6: 0 | M6: 0 | N6: 0 | O6: 2 | P6: 2 | Q6: 1 | R6: 2 | S6: 3 | T6: 2 | U6: 1 | V6: 1 | W6: 0 | X6: 0 | Y6: 0 | Z6: 1 | AA6: 1 | AB6: 1 | AC6: 1
A7: 2 | B7: 1 | C7: Kosofe | D7: 2 | E7: 0 | F7: 1 | G7: 0 | H7: 1 | I7: 0 | J7: 1 | K7: 1 | L7: 1 | M7: 1 | N7: 1 | O7: 2 | P7: 2 | Q7: 2 | R7: 1 | S7: 1 | T7: 2 | U7: 2 | V7: 1 | W7: 0 | X7: 0 | Y7: 0 | Z7: 1 | AA7: 1 | AB7: 1 | AC7: 1
A8: 2 | B8: 2 | C8: Alimosho | D8: 2 | E8: 0 | F8: 1 | G8: 0 | H8: 0 | I8: 0 | J8: 1 | K8: 0 | L8: 0 | M8: 0 | N8: 0 | O8: 2 | P8: 1 | Q8: 2 | R8: 2 | S8: 3 | T8: 2 | U8: 2 | V8: 1 | W8: 0 | X8: 0 | Y8: 0 | Z8: 0 | AA8: 1 | AB8: 1 | AC8: 1
A9: 1 | B9: 1 | C9: Oshodi Isolo | D9: 2 | E9: 1 | F9: 1 | G9: 0 | H9: 0 | I9: 0 | J9: 1 | K9: 0 | L9: 0 | M9: 0 | N9: 0 | O9: 2 | P9: 3 | Q9: 1 | R9: 2 | S9: 3 | T9: 2 | U9: 1 | V9: 1 | W9: 0 | X9: 0 | Y9: 0 | Z9: 1 | AA9: 1 | AB9: 1 | AC9: 1
A10: 1 | B10: 1 | C10: Ikorodu west | D10: 2 | E10: 1 | F10: 1 | G10: 0 | H10: 0 | I10: 0 | J10: 1 | K10: 1 | L10: 1 | M10: 0 | N10: 0 | O10: 2 | P10: 2 | Q10: 1 | R10: 2 | S10: 3 | T10: 2 | U10: 2 | V10: 1 | W10: 0 | X10: 0 | Y10: 0 | Z10: 1 | AA10: 1 | AB10: 1 | AC10: 1
A11: 2 | B11: 2 | C11: Oshodi Isolo | D11: 3 | E11: 0 | F11: 1 | G11: 0 | H11: 0 | I11: 0 | J11: 0 | K11: 1 | L11: 1 | M11: 1 | N11: 1 | O11: 2 | P11: 3 | Q11: 2 | R11: 2 | S11: 3 | T11: 2 | U11: 3 | V11: 1 | W11: 1 | X11: 0 | Y11: 0 | Z11: 1 | AA11: 1 | AB11: 3 | AC11: 1
A12: 2 | B12: 1 | C12: Ikorodu | D12: 2 | E12: 0 | F12: 0 | G12: 0 | H12: 0 | I12: 1 | J12: 0 | K12: 0 | L12: 0 | M12: 0 | N12: 1 | O12: 2 | P12: 1 | Q12: 1 | R12: 2 | S12: 3 | T12: 1 | U12: 1 | V12: 1 | W12: 0 | X12: 0 | Y12: 0 | Z12: 1 | AA12: 1 | AB12: 1 | AC12: 1
A13: 3 | B13: 1 | C13: Badagry | D13: 2 | E13: 1 | F13: 1 | G13: 0 | H13: 0 | I13: 0 | J13: 1 | K13: 1 | L13: 0 | M13: 0 | N13: 1 | O13: 2 | P13: 3 | Q13: 2 | R13: 2 | S13: 3 | T13: 2 | U13: 1 | V13: 1 | W13: 0 | X13: 0 | Y13: 0 | Z13: 1 | AA13: 1 | AB13: 1 | AC13: 1
... A83: 2 | B83: 1 | C83: Mushin | D83: 2 | E83: 0 | F83: 1 | G83: 0 | H83: 0 | I83: 0 | J83: 0 | K83: 0 | L83: 1 | M83: 0 | N83: 0 | O83: 2 | P83: 1 | Q83: 2 | R83: 2 | S83: 3 | T83: 2 | U83: 2 | V83: 0 | W83: 0 | X83: 0 | Y83: 0 | Z83: 1 | AA83: 1 | AB83: 1 | AC83: 1
